time,open,high,low,close,volume,prob_positive,prob_negative,prob_neutral,log_return,sentiment_score,sentiment_strength,sentiment_score_lag_1,sentiment_strength_lag_1,sentiment_score_lag_5,sentiment_strength_lag_5,sentiment_score_lag_10,sentiment_strength_lag_10,sentiment_score_lag_20,sentiment_strength_lag_20,close_shifted_5,target_up_5
2024-06-03,58.86,59.73,58.86,59.0,10555635,0.6157585710287095,0.1135147737339138,0.270726653933525,0.011420903140173234,0.5022437972947956,0.7292733447626233,-0.09880637501676878,0.5613137148320674,0.0449050217866898,0.21560128033161158,0.6747885388322176,0.8667148111077646,-0.07191764563322073,0.6529912725090978,58.86,0
2024-06-04,59.47,59.67,59.06,59.33,5455326,0.4446874260902405,0.1120570388933022,0.4432555337746938,0.005577636364832392,0.33263038719693827,0.5567444649835427,0.5022437972947956,0.7292733447626233,0.17534814774990076,0.6012088606754937,0.223226917286714,0.6082355851928392,0.06649244576692578,0.5454038456082342,58.33,0
2024-06-05,59.33,59.87,59.26,59.4,3772452,0.2967734187841415,0.2233132272958755,0.4799133539199829,0.0011791460980474181,0.07346019148826599,0.520086646080017,0.33263038719693827,0.5567444649835427,-0.9077259227633477,0.9424851015210151,-0.49335500411689287,0.7560571093112229,0.7302962616086007,0.7999985143542289,59.33,0
2024-06-06,59.47,60.0,59.4,59.53,6811460,0.4680248498916626,0.1643921891227364,0.3675829581916332,0.0021861607966995994,0.3036326607689262,0.632417039014399,0.07346019148826599,0.520086646080017,-0.6198644672986121,0.8169819826725869,0.014691084623336792,0.7309699952602386,0.4677044132258744,0.7461870631668716,59.13,0
2024-06-07,59.6,60.0,59.2,59.2,2262202,0.2651051618158817,0.4663042500615119,0.2685905769467353,-0.005558845275338713,-0.2011990882456302,0.7314094118773935,0.3036326607689262,0.632417039014399,-0.09880637501676878,0.5613137148320674,-0.6103239779671035,0.6976958190401394,0.6788628567010165,0.7930894624441861,58.53,0
2024-06-10,59.47,59.67,58.8,58.86,2643949,0.1293649971485138,0.3531872034072876,0.5174477696418762,-0.005759799084633307,-0.2238222062587738,0.4825522005558014,-0.2011990882456302,0.7314094118773935,0.5022437972947956,0.7292733447626233,0.0449050217866898,0.21560128033161158,-0.017319820821285303,0.2432741299271583,58.26,0
2024-06-11,59.06,59.13,58.26,58.33,2256534,0.0736690014600753,0.7320020198822021,0.1943289637565612,-0.009045202039780445,-0.6583330184221269,0.8056710213422774,-0.2238222062587738,0.4825522005558014,0.33263038719693827,0.5567444649835427,0.17534814774990076,0.6012088606754937,-0.6530616208910942,0.8028944805264473,57.93,0
2024-06-12,58.46,59.67,58.19,59.33,4502980,0.7967410981655121,0.0487210091669111,0.1545379143208265,0.01699853950500565,0.748020088998601,0.8454621073324232,-0.6583330184221269,0.8056710213422774,0.07346019148826599,0.520086646080017,-0.9077259227633477,0.9424851015210151,-0.47876918564240156,0.536308504641056,57.53,0
2024-06-13,59.47,59.6,59.13,59.13,1603414,0.091385118663311,0.5992288589477539,0.3093860149383545,-0.003376670437813237,-0.5078437402844429,0.6906139776110649,0.748020088998601,0.8454621073324232,0.3036326607689262,0.632417039014399,-0.6198644672986121,0.8169819826725869,-0.761684276163578,0.8846492990851402,57.19,0
2024-06-14,59.2,59.6,58.53,58.53,2484887,0.063725896179676,0.8072658777236938,0.1290082484483719,-0.010198966529608992,-0.7435399815440178,0.8709917739033699,-0.5078437402844429,0.6906139776110649,-0.2011990882456302,0.7314094118773935,-0.09880637501676878,0.5613137148320674,0.37570018600672483,0.7932660775259137,57.19,0
2024-06-17,58.6,58.73,58.26,58.26,9181124,0.1473531192168593,0.5092827491462231,0.3433641102164984,-0.004623691771841089,-0.3619296299293637,0.6566358683630824,-0.7435399815440178,0.8709917739033699,-0.2238222062587738,0.4825522005558014,0.5022437972947956,0.7292733447626233,0.6747885388322176,0.8667148111077646,57.59,0
2024-06-19,58.39,58.53,57.86,57.93,2176749,0.0615376718342304,0.7895680665969849,0.1488942801952362,-0.005680366422755754,-0.7280303947627544,0.8511057384312153,-0.3619296299293637,0.6566358683630824,-0.6583330184221269,0.8056710213422774,0.33263038719693827,0.5567444649835427,0.223226917286714,0.6082355851928392,59.0,1
2024-06-21,57.59,57.99,57.19,57.53,1809985,0.0222600623965263,0.896100640296936,0.08163932710886,-0.006928834233330649,-0.8738405779004097,0.9183607026934624,-0.7280303947627544,0.8511057384312153,0.748020088998601,0.8454621073324232,0.07346019148826599,0.520086646080017,-0.49335500411689287,0.7560571093112229,59.2,1
2024-06-24,57.53,58.46,57.19,57.19,2153682,0.0756562277674675,0.804566502571106,0.1197773143649101,-0.0059274929479773255,-0.7289102748036385,0.8802227303385735,-0.8738405779004097,0.9183607026934624,-0.5078437402844429,0.6906139776110649,0.3036326607689262,0.632417039014399,0.014691084623336792,0.7309699952602386,58.86,1
2024-06-25,57.32,57.99,57.19,57.19,4703337,0.1911382501324017,0.3252660334110259,0.483595718940099,0.0,-0.13412778327862418,0.5164042835434276,-0.7289102748036385,0.8802227303385735,-0.7435399815440178,0.8709917739033699,-0.2011990882456302,0.7314094118773935,-0.6103239779671035,0.6976958190401394,58.33,1
2024-07-01,57.39,57.66,56.99,57.59,1180816,0.8058175444602966,0.0213828701525926,0.1727995872497558,0.006969883591356278,0.7844346743077041,0.8272004146128892,-0.13412778327862418,0.5164042835434276,-0.3619296299293637,0.6566358683630824,-0.2238222062587738,0.4825522005558014,0.0449050217866898,0.21560128033161158,59.26,1
2024-07-02,57.99,59.4,57.66,59.0,4856674,0.7900243997573853,0.0792254786938428,0.1307501271367072,0.02418850238713834,0.7107989210635425,0.869249878451228,0.7844346743077041,0.8272004146128892,-0.7280303947627544,0.8511057384312153,-0.6583330184221269,0.8056710213422774,0.17534814774990076,0.6012088606754937,58.93,0
2024-07-03,58.86,59.33,58.73,59.2,2252635,0.5354624390602112,0.0461846925318241,0.4183528423309326,0.003384097984240494,0.48927774652838707,0.5816471315920353,0.7107989210635425,0.869249878451228,-0.8738405779004097,0.9183607026934624,0.748020088998601,0.8454621073324232,-0.9077259227633477,0.9424851015210151,58.6,0
2024-07-04,59.26,60.0,58.86,58.86,9188157,0.2306756029526392,0.3496056000391641,0.4197187721729278,-0.005759799084633307,-0.11892999708652488,0.5802812029918033,0.48927774652838707,0.5816471315920353,-0.7289102748036385,0.8802227303385735,-0.5078437402844429,0.6906139776110649,-0.6198644672986121,0.8169819826725869,58.53,0
2024-07-08,58.86,59.33,58.33,58.33,4582248,0.129743194207549,0.3906073905527591,0.4796494394540787,-0.009045202039780445,-0.2608641963452101,0.5203505847603082,-0.11892999708652488,0.5802812029918033,-0.13412778327862418,0.5164042835434276,-0.7435399815440178,0.8709917739033699,-0.09880637501676878,0.5613137148320674,58.8,1
2024-07-10,59.06,59.67,58.86,59.26,6901832,0.2985847853124141,0.2380592823028564,0.4633559361100197,0.015818001379872854,0.060525503009557724,0.5366440676152705,-0.2608641963452101,0.5203505847603082,0.7844346743077041,0.8272004146128892,-0.3619296299293637,0.6566358683630824,0.5022437972947956,0.7292733447626233,58.86,0
2024-07-11,59.26,59.47,58.93,58.93,2893682,0.0491882227361201,0.6933267116546631,0.2574850916862488,-0.00558424329559715,-0.644138488918543,0.7425149343907832,0.060525503009557724,0.5366440676152705,0.7107989210635425,0.869249878451228,-0.7280303947627544,0.8511057384312153,0.33263038719693827,0.5567444649835427,58.66,0
2024-07-12,59.0,59.26,58.6,58.6,4123911,0.0830467492341994,0.4295550584793091,0.4873981873194377,-0.005615602266855026,-0.34650830924510967,0.5126018077135085,-0.644138488918543,0.7425149343907832,0.48927774652838707,0.5816471315920353,-0.8738405779004097,0.9183607026934624,0.07346019148826599,0.520086646080017,58.53,0
2024-07-15,58.6,59.06,58.53,58.53,1174084,0.2224204689264297,0.2868952453136444,0.4906843304634094,-0.001195253279837448,-0.06447477638721472,0.5093157142400742,-0.34650830924510967,0.5126018077135085,-0.11892999708652488,0.5802812029918033,-0.7289102748036385,0.8802227303385735,0.3036326607689262,0.632417039014399,58.53,0
2024-07-16,58.6,59.26,58.6,58.8,3070892,0.500344455242157,0.2240191921591758,0.2756364047527313,0.0046024116014515785,0.2763252630829812,0.7243636474013327,-0.06447477638721472,0.5093157142400742,-0.2608641963452101,0.5203505847603082,-0.13412778327862418,0.5164042835434276,-0.2011990882456302,0.7314094118773935,58.39,0
2024-07-17,59.4,60.2,58.53,58.86,10095723,0.4597358008225758,0.1430826062957445,0.3971816003322601,0.0010198879007456026,0.31665319452683127,0.6028184071183204,0.2763252630829812,0.7243636474013327,0.060525503009557724,0.5366440676152705,0.7844346743077041,0.8272004146128892,-0.2238222062587738,0.4825522005558014,58.39,0
2024-07-22,58.53,59.06,58.39,58.66,2926232,0.3354238644242286,0.0961538907140493,0.5684222877025604,-0.003403679256021809,0.23926997371017933,0.4315777551382779,0.31665319452683127,0.6028184071183204,-0.644138488918543,0.7425149343907832,0.7107989210635425,0.869249878451228,-0.6583330184221269,0.8056710213422774,58.39,0
2024-07-23,58.73,59.06,58.53,58.53,1412799,0.4268008172512054,0.2310486733913421,0.3421505093574524,-0.002218620246175418,0.19575214385986328,0.6578494906425475,0.23926997371017933,0.4315777551382779,-0.34650830924510967,0.5126018077135085,0.48927774652838707,0.5816471315920353,0.748020088998601,0.8454621073324232,58.53,0
2024-07-24,58.46,58.93,58.46,58.53,1477891,0.8858192563056946,0.0336973741650581,0.0804834216833114,0.0,0.8521218821406364,0.9195166304707527,0.19575214385986328,0.6578494906425475,-0.06447477638721472,0.5093157142400742,-0.11892999708652488,0.5802812029918033,-0.5078437402844429,0.6906139776110649,59.67,1
2024-07-25,58.6,58.66,58.33,58.39,1764668,0.1662153266370296,0.5979689359664917,0.2358156889677047,-0.0023948010076833247,-0.4317536093294621,0.7641842626035213,0.8521218821406364,0.9195166304707527,0.2763252630829812,0.7243636474013327,-0.2608641963452101,0.5203505847603082,-0.7435399815440178,0.8709917739033699,60.67,1
2024-07-26,58.39,58.66,58.33,58.39,2713281,0.3823338846365611,0.2194590618213017,0.3982070585091908,0.0,0.1628748228152594,0.6017929464578629,-0.4317536093294621,0.7641842626035213,0.31665319452683127,0.6028184071183204,0.060525503009557724,0.5366440676152705,-0.3619296299293637,0.6566358683630824,59.33,1
2024-07-29,58.6,58.73,58.39,58.39,454233,0.1215147376060485,0.3245854079723358,0.5538998246192932,0.0,-0.20307067036628731,0.4461001455783843,0.1628748228152594,0.6017929464578629,0.23926997371017933,0.4315777551382779,-0.644138488918543,0.7425149343907832,-0.7280303947627544,0.8511057384312153,58.13,0
2024-07-30,58.39,59.06,58.39,58.53,978889,0.8859432935714722,0.0172081459313631,0.096848614513874,0.0023948010076833295,0.8687351476401091,0.9031514395028353,-0.20307067036628731,0.4461001455783843,0.19575214385986328,0.6578494906425475,-0.34650830924510967,0.5126018077135085,-0.8738405779004097,0.9183607026934624,58.66,1
2024-07-31,58.53,59.67,58.53,59.67,3731282,0.8616758584976196,0.0183297269977628,0.1199943684041499,0.019289938230860934,0.8433461314998568,0.8800055854953824,0.8687351476401091,0.9031514395028353,0.8521218821406364,0.9195166304707527,-0.06447477638721472,0.5093157142400742,-0.7289102748036385,0.8802227303385735,59.87,1
2024-08-01,59.73,61.14,59.67,60.67,43269345,0.4692842331197526,0.1230889037251471,0.4076268391476737,0.01661996042021604,0.3461953293946055,0.5923731368448997,0.8433461314998568,0.8800055854953824,-0.4317536093294621,0.7641842626035213,0.2763252630829812,0.7243636474013327,-0.13412778327862418,0.5164042835434276,58.6,0
2024-08-02,60.47,60.47,59.33,59.33,1512887,0.2067438811063766,0.271742045879364,0.5215140581130981,-0.02233426168365464,-0.06499816477298742,0.4784859269857406,0.3461953293946055,0.5923731368448997,0.1628748228152594,0.6017929464578629,0.31665319452683127,0.6028184071183204,0.7844346743077041,0.8272004146128892,58.93,0
2024-08-05,59.2,59.2,58.13,58.13,21441588,0.109631262453539,0.6764371309961591,0.213931597237076,-0.020433198557292562,-0.56680586854262,0.7860683934496981,-0.06499816477298742,0.4784859269857406,-0.20307067036628731,0.4461001455783843,0.23926997371017933,0.4315777551382779,0.7107989210635425,0.869249878451228,59.4,1
2024-08-09,58.46,59.06,58.46,58.66,3413613,0.4443915088971455,0.2344179600477218,0.3211905111869176,0.009076181836045746,0.2099735488494237,0.6788094689448674,-0.56680586854262,0.7860683934496981,0.8687351476401091,0.9031514395028353,0.19575214385986328,0.6578494906425475,0.48927774652838707,0.5816471315920353,60.74,1
2024-08-13,58.6,59.87,58.6,59.87,3187894,0.8257871568202972,0.0195452626794576,0.1546676028519868,0.02041748138795577,0.8062418941408397,0.8453324194997548,0.2099735488494237,0.6788094689448674,0.8433461314998568,0.8800055854953824,0.8521218821406364,0.9195166304707527,-0.11892999708652488,0.5802812029918033,62.07,1
2024-08-15,58.86,59.4,58.6,58.6,2766105,0.2584155052900314,0.2994402945041656,0.4421442051728566,-0.021440848354293735,-0.041024789214134216,0.557855799794197,0.8062418941408397,0.8453324194997548,0.3461953293946055,0.5923731368448997,-0.4317536093294621,0.7641842626035213,-0.2608641963452101,0.5203505847603082,61.81,1
2024-08-16,58.86,59.47,58.86,58.93,1371799,0.3030507862567901,0.3027201294898987,0.3942291438579559,0.005615602266855095,0.000330656766891424,0.6057709157466888,-0.041024789214134216,0.557855799794197,-0.06499816477298742,0.4784859269857406,0.1628748228152594,0.6017929464578629,0.060525503009557724,0.5366440676152705,61.81,1
2024-08-19,59.4,59.73,59.06,59.4,3313182,0.8184971213340759,0.0216552843339741,0.1598476693034171,0.00794392751877731,0.7968418370001018,0.84015240566805,0.000330656766891424,0.6057709157466888,-0.56680586854262,0.7860683934496981,-0.20307067036628731,0.4461001455783843,-0.644138488918543,0.7425149343907832,61.54,1
2024-08-20,59.47,60.74,59.47,60.74,20323608,0.5836628129084905,0.1388324182480573,0.2775047781566778,0.02230823324900357,0.4448303946604332,0.7224952311565478,0.7968418370001018,0.84015240566805,0.2099735488494237,0.6788094689448674,0.8687351476401091,0.9031514395028353,-0.34650830924510967,0.5126018077135085,61.2,1
2024-08-21,60.74,62.21,60.47,62.07,22013000,0.6109376847743988,0.0802404343849047,0.3088218788616359,0.02166032080795855,0.5306972503894941,0.6911781191593035,0.4448303946604332,0.7224952311565478,0.8062418941408397,0.8453324194997548,0.8433461314998568,0.8800055854953824,-0.06447477638721472,0.5093157142400742,60.94,0
2024-08-22,62.14,62.34,61.61,61.81,7083080,0.2135039925575256,0.2771938234567642,0.509302169084549,-0.004197616754379373,-0.06368983089923858,0.4906978160142898,0.5306972503894941,0.6911781191593035,-0.041024789214134216,0.557855799794197,0.3461953293946055,0.5923731368448997,0.2763252630829812,0.7243636474013327,61.2,0
2024-08-23,61.87,62.07,60.54,61.81,2156170,0.2767848446965217,0.3556115627288818,0.3676036000251769,0.0,-0.07882671803236008,0.6323964074254035,-0.06368983089923858,0.4906978160142898,0.000330656766891424,0.6057709157466888,-0.06499816477298742,0.4784859269857406,0.31665319452683127,0.6028184071183204,61.34,0
2024-08-26,61.61,61.94,61.27,61.54,7846120,0.1782234752550721,0.5434683740139008,0.2783081524074077,-0.0043777937772862124,-0.3652448987588287,0.7216918492689729,-0.07882671803236008,0.6323964074254035,0.7968418370001018,0.84015240566805,-0.56680586854262,0.7860683934496981,0.23926997371017933,0.4315777551382779,60.87,0
2024-08-27,61.54,61.61,60.8,61.2,2708280,0.1160373439391453,0.4807531883319219,0.4032094677289327,-0.005540180375615356,-0.3647158443927766,0.5967905322710672,-0.3652448987588287,0.7216918492689729,0.4448303946604332,0.7224952311565478,0.2099735488494237,0.6788094689448674,0.19575214385986328,0.6578494906425475,60.27,0
2024-08-28,61.34,61.47,60.94,60.94,1032939,0.0273334793746471,0.8901723623275757,0.0824941769242286,-0.004257415960717509,-0.8628388829529285,0.9175058417022228,-0.3647158443927766,0.5967905322710672,0.5306972503894941,0.6911781191593035,0.8062418941408397,0.8453324194997548,0.8521218821406364,0.9195166304707527,60.33,0
2024-08-29,60.87,61.81,60.87,61.2,1497431,0.7088423371315002,0.0378831103444099,0.2532745599746704,0.004257415960717432,0.6709592267870903,0.7467254474759102,-0.8628388829529285,0.9175058417022228,-0.06368983089923858,0.4906978160142898,-0.041024789214134216,0.557855799794197,-0.4317536093294621,0.7641842626035213,60.33,0
2024-08-30,61.2,61.74,61.2,61.34,5013159,0.4805867969989776,0.1053778106967607,0.4140353898207347,0.0022849691678250694,0.3752089863022169,0.5859646076957383,0.6709592267870903,0.7467254474759102,-0.07882671803236008,0.6323964074254035,0.000330656766891424,0.6057709157466888,0.1628748228152594,0.6017929464578629,59.53,0
2024-09-04,60.94,60.94,60.4,60.87,1014236,0.0445632748305797,0.8191689848899841,0.1362678110599517,-0.007691716180272504,-0.7746057100594044,0.8637322597205639,0.3752089863022169,0.5859646076957383,-0.3652448987588287,0.7216918492689729,0.7968418370001018,0.84015240566805,-0.20307067036628731,0.4461001455783843,59.13,0
2024-09-05,60.6,60.94,60.27,60.27,3556533,0.0977558853725592,0.6825936337312063,0.2196504771709442,-0.009905975010880242,-0.5848377483586471,0.7803495191037655,-0.7746057100594044,0.8637322597205639,-0.3647158443927766,0.5967905322710672,0.4448303946604332,0.7224952311565478,0.8687351476401091,0.9031514395028353,59.87,0
2024-09-06,60.33,60.74,60.07,60.33,1571708,0.2929790616035461,0.1684280261397361,0.5385929048061371,0.000995024957717466,0.12455103546381,0.4614070877432822,-0.5848377483586471,0.7803495191037655,-0.8628388829529285,0.9175058417022228,0.5306972503894941,0.6911781191593035,0.8433461314998568,0.8800055854953824,60.13,0
2024-09-09,60.27,60.33,59.67,60.33,703748,0.0195539984852075,0.8877300024032593,0.0927160531282424,0.0,-0.8681760039180518,0.9072840008884667,0.12455103546381,0.4614070877432822,0.6709592267870903,0.7467254474759102,-0.06368983089923858,0.4906978160142898,0.3461953293946055,0.5923731368448997,59.47,0
2024-09-10,60.27,60.33,59.53,59.53,2387162,0.0213192654773592,0.8977744281291962,0.0809062905609607,-0.01334910528737154,-0.876455162651837,0.9190936936065554,-0.8681760039180518,0.9072840008884667,0.3752089863022169,0.5859646076957383,-0.07882671803236008,0.6323964074254035,-0.06499816477298742,0.4784859269857406,60.54,1
2024-09-11,59.26,59.53,58.86,59.13,2058108,0.208084175363183,0.4367727786302566,0.3551429882645607,-0.00674197733256019,-0.2286886032670736,0.6448569539934396,-0.876455162651837,0.9190936936065554,-0.7746057100594044,0.8637322597205639,-0.3652448987588287,0.7216918492689729,-0.56680586854262,0.7860683934496981,60.87,1
2024-09-12,59.2,60.27,59.13,59.87,6441576,0.7938248217105864,0.0203274131054058,0.1858477406203746,0.01243713510452204,0.7734974086051807,0.8141522348159922,-0.2286886032670736,0.6448569539934396,-0.5848377483586471,0.7803495191037655,-0.3647158443927766,0.5967905322710672,0.2099735488494237,0.6788094689448674,61.2,1
2024-09-13,60.07,60.33,59.6,60.13,4877322,0.3127764264742533,0.2227517540256182,0.4644718766212463,0.004333340114216644,0.0900246724486351,0.5355281804998715,0.7734974086051807,0.8141522348159922,0.12455103546381,0.4614070877432822,-0.8628388829529285,0.9175058417022228,0.8062418941408397,0.8453324194997548,60.8,1
2024-09-16,59.93,60.2,59.4,59.47,1457852,0.4402763098478317,0.166504930704832,0.3932187557220459,-0.01103690133297507,0.27377137914299976,0.6067812405526637,0.0900246724486351,0.5355281804998715,-0.8681760039180518,0.9072840008884667,0.6709592267870903,0.7467254474759102,-0.041024789214134216,0.557855799794197,61.0,1
2024-09-17,59.53,60.54,59.26,60.54,971859,0.9540001153945924,0.0058927801437675,0.0401070304214954,0.017832319875070227,0.9481073352508249,0.9598928955383599,0.27377137914299976,0.6067812405526637,-0.876455162651837,0.9190936936065554,0.3752089863022169,0.5859646076957383,0.000330656766891424,0.6057709157466888,62.07,1
2024-09-18,60.6,61.47,60.0,60.87,6889548,0.5631695352494717,0.1142076745163648,0.3226228058338165,0.005436138912260425,0.44896186073310684,0.6773772097658365,0.9481073352508249,0.9598928955383599,-0.2286886032670736,0.6448569539934396,-0.7746057100594044,0.8637322597205639,0.7968418370001018,0.84015240566805,61.87,1
2024-09-19,60.87,61.34,60.8,61.2,2693808,0.5879392474889755,0.0491298846900462,0.362930878996849,0.005406747012447473,0.5388093627989293,0.6370691321790217,0.44896186073310684,0.6773772097658365,0.7734974086051807,0.8141522348159922,-0.5848377483586471,0.7803495191037655,0.4448303946604332,0.7224952311565478,61.87,1
2024-09-23,61.07,61.27,60.8,60.8,2093685,0.1765829622745513,0.2892300163706143,0.5341870486736298,-0.006557400546159164,-0.11264705409606299,0.4658129786451656,0.5388093627989293,0.6370691321790217,0.0900246724486351,0.5355281804998715,0.12455103546381,0.4614070877432822,0.5306972503894941,0.6911781191593035,61.54,1
2024-09-24,60.8,61.2,60.8,61.0,523790,0.937425971031189,0.0063396394252777,0.0562343746423721,0.0032840752011900187,0.9310863316059113,0.9437656104564667,-0.11264705409606299,0.4658129786451656,0.27377137914299976,0.6067812405526637,-0.8681760039180518,0.9072840008884667,-0.06368983089923858,0.4906978160142898,62.01,1
2024-09-25,61.2,62.21,61.0,62.07,5209016,0.8163771629333496,0.0292780706658958,0.1543446891009807,0.017388916252250152,0.7870990922674538,0.8456552335992454,0.9310863316059113,0.9437656104564667,0.9481073352508249,0.9598928955383599,-0.876455162651837,0.9190936936065554,-0.07882671803236008,0.6323964074254035,61.94,0
2024-09-26,62.14,62.74,61.87,61.87,5460162,0.2894118626912434,0.1289749989906946,0.5816131432851156,-0.0032273708826639526,0.16043686370054883,0.418386861681938,0.7870990922674538,0.8456552335992454,0.44896186073310684,0.6773772097658365,-0.2286886032670736,0.6448569539934396,-0.3652448987588287,0.7216918492689729,61.74,0
2024-09-27,61.87,62.61,61.87,61.87,1073168,0.5290341377258301,0.0518527999520301,0.4191130697727203,0.0,0.4771813377738,0.5808869376778601,0.16043686370054883,0.418386861681938,0.5388093627989293,0.6370691321790217,0.7734974086051807,0.8141522348159922,-0.3647158443927766,0.5967905322710672,61.54,0
2024-09-30,61.87,61.87,61.54,61.54,1278350,0.4444312155246734,0.170985996723175,0.3845827877521515,-0.005348039649001586,0.2734452188014984,0.6154172122478484,0.4771813377738,0.5808869376778601,-0.11264705409606299,0.4658129786451656,0.0900246724486351,0.5355281804998715,-0.8628388829529285,0.9175058417022228,60.87,0
2024-10-02,61.74,62.01,61.41,62.01,5522484,0.2452309057116508,0.2340492280200123,0.5207198411226273,0.007608292467890723,0.011181677691638497,0.4792801337316631,0.2734452188014984,0.6154172122478484,0.9310863316059113,0.9437656104564667,0.27377137914299976,0.6067812405526637,0.6709592267870903,0.7467254474759102,61.47,0
2024-10-03,61.94,62.81,61.81,61.94,5102352,0.1481308521082003,0.5217088659604391,0.3301602589587371,-0.001129487816729835,-0.37357801385223877,0.6698397180686394,0.011181677691638497,0.4792801337316631,0.7870990922674538,0.8456552335992454,0.9481073352508249,0.9598928955383599,0.3752089863022169,0.5859646076957383,61.14,0
2024-10-04,61.87,62.07,61.74,61.74,1720990,0.1383671164512634,0.4442910850048065,0.41734179854393,-0.003234155471043448,-0.3059239685535431,0.58265820145607,-0.37357801385223877,0.6698397180686394,0.16043686370054883,0.418386861681938,0.44896186073310684,0.6773772097658365,-0.7746057100594044,0.8637322597205639,61.2,0
2024-10-07,61.74,61.87,61.41,61.54,611894,0.2573656439781189,0.2357687950134277,0.5068656206130981,-0.0032446491801175438,0.02159684896469119,0.49313443899154663,-0.3059239685535431,0.58265820145607,0.4771813377738,0.5808869376778601,0.5388093627989293,0.6370691321790217,-0.5848377483586471,0.7803495191037655,61.67,1
2024-10-09,61.07,61.41,60.8,60.87,6530595,0.2682372480630874,0.0765170057614644,0.6552457312742869,-0.010946927388062697,0.191720242301623,0.3447542538245518,0.02159684896469119,0.49313443899154663,0.2734452188014984,0.6154172122478484,-0.11264705409606299,0.4658129786451656,0.12455103546381,0.4614070877432822,61.81,1
2024-10-10,61.74,62.21,61.0,61.47,7959414,0.475895382463932,0.187144111841917,0.3369605286667744,0.009808808413084928,0.288751270622015,0.663039494305849,0.191720242301623,0.3447542538245518,0.011181677691638497,0.4792801337316631,0.9310863316059113,0.9437656104564667,-0.8681760039180518,0.9072840008884667,61.54,1
2024-10-14,61.67,61.67,61.07,61.14,931995,0.178749606013298,0.2670381069183349,0.5542122721672058,-0.005382934456229548,-0.0882885009050369,0.4457877129316329,0.288751270622015,0.663039494305849,-0.37357801385223877,0.6698397180686394,0.7870990922674538,0.8456552335992454,-0.876455162651837,0.9190936936065554,61.2,1
2024-10-16,61.14,61.41,61.07,61.2,2587042,0.3692494034767151,0.1501630414277314,0.4805875122547149,0.0009808730555918924,0.21908636204898368,0.5194124449044465,-0.0882885009050369,0.4457877129316329,-0.3059239685535431,0.58265820145607,0.16043686370054883,0.418386861681938,-0.2286886032670736,0.6448569539934396,61.34,1
2024-10-17,61.54,61.74,61.34,61.67,1286287,0.5519640445709229,0.043997511267662,0.4040383696556091,0.00765039948512102,0.5079665333032608,0.5959615558385849,0.21908636204898368,0.5194124449044465,0.02159684896469119,0.49313443899154663,0.4771813377738,0.5808869376778601,0.7734974086051807,0.8141522348159922,61.41,0
2024-10-18,62.01,62.27,61.54,61.81,2328112,0.4044865071773529,0.0609097629785537,0.5346037298440933,0.0022675746677805605,0.3435767441987992,0.4653962701559066,0.5079665333032608,0.5959615558385849,0.191720242301623,0.3447542538245518,0.2734452188014984,0.6154172122478484,0.0900246724486351,0.5355281804998715,61.54,0
2024-10-21,61.87,62.41,61.54,61.54,1425147,0.1040622815489769,0.4886052310466766,0.4073325395584106,-0.0043777937772862124,-0.3845429494976997,0.5926675125956535,0.3435767441987992,0.4653962701559066,0.288751270622015,0.663039494305849,0.011181677691638497,0.4792801337316631,0.27377137914299976,0.6067812405526637,61.54,0
2024-10-23,61.0,61.41,61.0,61.2,750353,0.0245559606701135,0.8412811756134033,0.1341629177331924,-0.005540180375615356,-0.8167252149432899,0.8658371362835168,-0.3845429494976997,0.5926675125956535,-0.0882885009050369,0.4457877129316329,-0.37357801385223877,0.6698397180686394,0.9481073352508249,0.9598928955383599,61.34,1
2024-10-24,61.67,61.74,61.14,61.34,756579,0.3731934726238251,0.3039645254611969,0.322842001914978,0.0022849691678250694,0.06922894716262817,0.677157998085022,-0.8167252149432899,0.8658371362835168,0.21908636204898368,0.5194124449044465,-0.3059239685535431,0.58265820145607,0.44896186073310684,0.6773772097658365,62.61,1
2024-10-25,61.61,61.74,61.34,61.41,1995456,0.2901511043310165,0.2381571270525455,0.471691757440567,0.0011405296552021952,0.05199397727847099,0.528308231383562,0.06922894716262817,0.677157998085022,0.5079665333032608,0.5959615558385849,0.02159684896469119,0.49313443899154663,0.5388093627989293,0.6370691321790217,61.87,1
2024-10-28,61.2,61.74,61.2,61.54,1106555,0.3355732262134552,0.0765700936317443,0.5878567099571228,0.0021146815525880176,0.2590031325817109,0.4121433198451995,0.05199397727847099,0.528308231383562,0.3435767441987992,0.4653962701559066,0.191720242301623,0.3447542538245518,-0.11264705409606299,0.4658129786451656,61.94,1
2024-10-29,61.61,61.94,61.54,61.54,2597286,0.4626164734363556,0.2115751588717102,0.3258083388209343,0.0,0.2510413145646454,0.6741916323080658,0.2590031325817109,0.4121433198451995,-0.3845429494976997,0.5926675125956535,0.288751270622015,0.663039494305849,0.9310863316059113,0.9437656104564667,62.14,1
2024-10-30,61.54,61.81,61.27,61.34,627682,0.1976124495267868,0.4169555902481079,0.3854319453239441,-0.0032552112077902716,-0.2193431407213211,0.6145680397748947,0.2510413145646454,0.6741916323080658,-0.8167252149432899,0.8658371362835168,-0.0882885009050369,0.4457877129316329,0.7870990922674538,0.8456552335992454,62.34,1
2024-10-31,61.2,63.55,61.2,62.61,5784902,0.5974250286817551,0.1811475763097405,0.2214273586869239,0.02049285107111347,0.4162774523720146,0.7785726049914956,-0.2193431407213211,0.6145680397748947,0.06922894716262817,0.677157998085022,0.21908636204898368,0.5194124449044465,0.16043686370054883,0.418386861681938,61.67,0
2024-11-04,62.88,63.75,61.81,61.87,7425580,0.1885943808592856,0.3805710393935441,0.4308345839381218,-0.011889600214321672,-0.1919766585342585,0.5691654202528297,0.4162774523720146,0.7785726049914956,0.05199397727847099,0.528308231383562,0.5079665333032608,0.5959615558385849,0.4771813377738,0.5808869376778601,61.54,0
2024-11-05,61.94,62.21,61.54,61.94,3252549,0.3843140204747517,0.1046698031326134,0.5110162198543549,0.001130765002159257,0.2796442173421383,0.48898382360736514,-0.1919766585342585,0.5691654202528297,0.2590031325817109,0.4121433198451995,0.3435767441987992,0.4653962701559066,0.2734452188014984,0.6154172122478484,61.47,0
2024-11-06,62.07,62.48,62.07,62.14,2835982,0.3195570260286331,0.2597941532731056,0.4206488579511642,0.003223729419844672,0.059762872755527496,0.5793511793017387,0.2796442173421383,0.48898382360736514,0.2510413145646454,0.6741916323080658,-0.3845429494976997,0.5926675125956535,0.011181677691638497,0.4792801337316631,61.87,0
2024-11-07,62.34,62.81,62.34,62.34,2840602,0.2954585552215576,0.1957031600177288,0.5088382810354233,0.00321337037428963,0.09975539520382881,0.4911617152392864,0.059762872755527496,0.5793511793017387,-0.2193431407213211,0.6145680397748947,-0.8167252149432899,0.8658371362835168,-0.37357801385223877,0.6698397180686394,61.54,0
2024-11-08,62.54,62.81,61.67,61.67,2762498,0.1172832660377025,0.3788625746965408,0.5038541704416275,-0.010805685335789558,-0.26157930865883827,0.4961458407342433,0.09975539520382881,0.4911617152392864,0.4162774523720146,0.7785726049914956,0.06922894716262817,0.677157998085022,-0.3059239685535431,0.58265820145607,61.34,0
2024-11-11,62.07,62.07,61.47,61.54,3748736,0.2274913489818573,0.2532763257622718,0.5192323327064514,-0.0021102191095057287,-0.025784976780414526,0.4807676747441291,-0.26157930865883827,0.4961458407342433,-0.1919766585342585,0.5691654202528297,0.05199397727847099,0.528308231383562,0.02159684896469119,0.49313443899154663,60.87,0
2024-11-12,61.54,62.34,61.47,61.47,1337197,0.3239262700080871,0.242779791355133,0.4332939386367798,-0.0011381189749777496,0.0811464786529541,0.5667060613632201,-0.025784976780414526,0.4807676747441291,0.2796442173421383,0.48898382360736514,0.2590031325817109,0.4121433198451995,0.191720242301623,0.3447542538245518,60.2,0
2024-11-13,61.47,62.14,61.47,61.87,7996266,0.4333854441841443,0.1887231428797046,0.3778914101421833,0.006486158623979278,0.24466230130443972,0.622108587063849,0.0811464786529541,0.5667060613632201,0.059762872755527496,0.5793511793017387,0.2510413145646454,0.6741916323080658,0.288751270622015,0.663039494305849,60.4,0
2024-11-14,61.54,61.87,61.47,61.54,1720202,0.0658303350210189,0.8262941837310791,0.1078755110502243,-0.005348039649001586,-0.7604638487100602,0.892124518752098,0.24466230130443972,0.622108587063849,0.09975539520382881,0.4911617152392864,-0.2193431407213211,0.6145680397748947,-0.0882885009050369,0.4457877129316329,60.54,0
2024-11-15,61.54,61.87,61.27,61.34,1509691,0.2334885001182556,0.4376506805419922,0.3288607895374298,-0.0032552112077902716,-0.2041621804237366,0.6711391806602478,-0.7604638487100602,0.892124518752098,-0.26157930865883827,0.4961458407342433,0.4162774523720146,0.7785726049914956,0.21908636204898368,0.5194124449044465,60.6,0
2024-11-18,61.34,61.74,60.8,60.87,3752700,0.3248055726289749,0.1433764100074768,0.5318180322647095,-0.007691716180272504,0.1814291626214981,0.4681819826364517,-0.2041621804237366,0.6711391806602478,-0.025784976780414526,0.4807676747441291,-0.1919766585342585,0.5691654202528297,0.5079665333032608,0.5959615558385849,61.07,1
2024-11-19,61.2,61.27,60.2,60.2,7889480,0.2610102370381355,0.3955597847700118,0.3434299677610397,-0.011068090191057575,-0.13454954773187633,0.6565700218081473,0.1814291626214981,0.4681819826364517,0.0811464786529541,0.5667060613632201,0.2796442173421383,0.48898382360736514,0.3435767441987992,0.4653962701559066,61.81,1
2024-11-20,60.2,61.0,60.13,60.4,1641687,0.7697619795799255,0.0347081162035465,0.1955299079418182,0.0033167526259938207,0.735053863376379,0.8044700957834721,-0.13454954773187633,0.6565700218081473,0.24466230130443972,0.622108587063849,0.059762872755527496,0.5793511793017387,-0.3845429494976997,0.5926675125956535,62.01,1
2024-11-21,60.47,61.07,60.33,60.54,5846432,0.3384251929819584,0.2002046685665845,0.4613701328635216,0.002315198652803304,0.13822052441537389,0.5386298615485429,0.735053863376379,0.8044700957834721,-0.7604638487100602,0.892124518752098,0.09975539520382881,0.4911617152392864,-0.8167252149432899,0.8658371362835168,61.94,1
2024-11-22,60.87,61.07,60.6,60.6,5192442,0.3102710843086242,0.3506971498330434,0.3390317559242248,0.00099058948169631,-0.040426065524419186,0.6609682341416676,0.13822052441537389,0.5386298615485429,-0.2041621804237366,0.6711391806602478,-0.26157930865883827,0.4961458407342433,0.06922894716262817,0.677157998085022,62.41,1
2024-11-25,60.8,61.67,60.8,61.07,9074815,0.5105117321014404,0.2124036418274044,0.2770846173167228,0.00772585415977455,0.298108090274036,0.7229153739288448,-0.040426065524419186,0.6609682341416676,0.1814291626214981,0.4681819826364517,-0.025784976780414526,0.4807676747441291,0.05199397727847099,0.528308231383562,63.01,1
2024-11-26,61.14,62.14,61.14,61.81,10564962,0.6846014310916265,0.0916860606521367,0.2237125001847743,0.012044416436138567,0.5929153704394898,0.7762874917437632,0.298108090274036,0.7229153739288448,-0.13454954773187633,0.6565700218081473,0.0811464786529541,0.5667060613632201,0.2590031325817109,0.4121433198451995,62.21,1
2024-11-27,61.74,62.34,61.74,62.01,3144927,0.2824535518884658,0.1877149815360705,0.529831459124883,0.003230498690604534,0.09473857035239533,0.47016853342453635,0.5929153704394898,0.7762874917437632,0.735053863376379,0.8044700957834721,0.24466230130443972,0.622108587063849,0.2510413145646454,0.6741916323080658,62.54,1
2024-11-28,62.27,62.54,61.87,61.94,2581896,0.334839567542076,0.3055724203586578,0.3595879822969436,-0.001129487816729835,0.02926714718341822,0.6404119879007337,0.09473857035239533,0.47016853342453635,0.13822052441537389,0.5386298615485429,-0.7604638487100602,0.892124518752098,-0.2193431407213211,0.6145680397748947,62.88,1
2024-11-29,61.94,62.41,61.87,62.41,4045264,0.4370715841650962,0.2251591577660292,0.3377692438662052,0.007559344400894911,0.21191242639906702,0.6622307419311254,0.02926714718341822,0.6404119879007337,-0.040426065524419186,0.6609682341416676,-0.2041621804237366,0.6711391806602478,0.4162774523720146,0.7785726049914956,63.01,1
2024-12-02,63.48,63.61,62.81,63.01,4725996,0.5189491311709086,0.171348087179164,0.3097027316689491,0.009567925008012595,0.3476010439917446,0.6902972183500726,0.21191242639906702,0.6622307419311254,0.298108090274036,0.7229153739288448,0.1814291626214981,0.4681819826364517,-0.1919766585342585,0.5691654202528297,63.75,1
2024-12-03,63.14,63.14,61.94,62.21,14684700,0.1519776756564775,0.4465485289692879,0.4014737804730733,-0.012777685427035673,-0.2945708533128104,0.5985262046257653,0.3476010439917446,0.6902972183500726,0.5929153704394898,0.7762874917437632,-0.13454954773187633,0.6565700218081473,0.2796442173421383,0.48898382360736514,63.21,1
2024-12-04,62.07,62.81,61.87,62.54,3616446,0.6397429207960764,0.0801424104720353,0.2801146606604258,0.005290593502766722,0.5596005103240411,0.7198853312681117,-0.2945708533128104,0.5985262046257653,0.09473857035239533,0.47016853342453635,0.735053863376379,0.8044700957834721,0.059762872755527496,0.5793511793017387,62.54,0
2024-12-05,62.21,63.28,62.21,62.88,7003368,0.5641749799251556,0.1993846418336033,0.2364403878649075,0.005421796091256031,0.36479033809155237,0.7635596217587589,0.5596005103240411,0.7198853312681117,0.02926714718341822,0.6404119879007337,0.13822052441537389,0.5386298615485429,0.09975539520382881,0.4911617152392864,62.27,0
2024-12-06,62.88,63.75,62.81,63.01,3404366,0.2143428921699523,0.2496776282787323,0.5359794944524765,0.0020652958330130214,-0.03533473610877999,0.4640205204486846,0.36479033809155237,0.7635596217587589,0.21191242639906702,0.6622307419311254,-0.040426065524419186,0.6609682341416676,-0.26157930865883827,0.4961458407342433,62.21,0
2024-12-09,63.01,63.75,62.81,63.75,3917676,0.4635375738143921,0.0859697572886943,0.4504926204681396,0.011675740084571434,0.3775678165256978,0.5495073311030864,-0.03533473610877999,0.4640205204486846,0.3476010439917446,0.6902972183500726,0.298108090274036,0.7229153739288448,-0.025784976780414526,0.4807676747441291,61.81,0
2024-12-10,63.75,63.75,63.21,63.21,3657928,0.1131081921048461,0.5443463809788227,0.3425454311072826,-0.008506667554328171,-0.4312381888739766,0.6574545730836688,0.3775678165256978,0.5495073311030864,-0.2945708533128104,0.5985262046257653,0.5929153704394898,0.7762874917437632,0.0811464786529541,0.5667060613632201,61.81,0
2024-12-12,62.54,63.14,62.54,62.54,1344698,0.3066822960972785,0.1711600329726934,0.5221576541662216,-0.010656164454512163,0.1355222631245851,0.47784232906997187,-0.4312381888739766,0.6574545730836688,0.5596005103240411,0.7198853312681117,0.09473857035239533,0.47016853342453635,0.24466230130443972,0.622108587063849,61.61,0
2024-12-13,62.34,62.61,62.14,62.27,3685398,0.1978571315606435,0.4199010034402211,0.3822418451309204,-0.004326583145334548,-0.22204387187957758,0.6177581350008645,0.1355222631245851,0.47784232906997187,0.36479033809155237,0.7635596217587589,0.02926714718341822,0.6404119879007337,-0.7604638487100602,0.892124518752098,61.61,0
2024-12-17,62.21,62.27,62.07,62.21,6295446,0.3072994264463583,0.2115147852649291,0.4811857988437016,-0.0009640103574322721,0.09578464118142924,0.5188142117112874,-0.22204387187957758,0.6177581350008645,-0.03533473610877999,0.4640205204486846,0.21191242639906702,0.6622307419311254,-0.2041621804237366,0.6711391806602478,61.67,0
2024-12-19,62.07,62.07,61.67,61.81,5611797,0.270388826727867,0.3215899666150411,0.408021201690038,-0.006450594855746446,-0.05120113988717406,0.5919787933429081,0.09578464118142924,0.5188142117112874,0.3775678165256978,0.5495073311030864,0.3476010439917446,0.6902972183500726,0.1814291626214981,0.4681819826364517,61.54,0
2024-12-23,61.94,62.07,61.81,61.81,1415934,0.1894084215164184,0.2479310184717177,0.5626606047153473,0.0,-0.058522596955299294,0.43733943998813607,-0.05120113988717406,0.5919787933429081,-0.4312381888739766,0.6574545730836688,-0.2945708533128104,0.5985262046257653,-0.13454954773187633,0.6565700218081473,61.0,0
2024-12-24,62.01,62.07,61.54,61.61,3076068,0.3590349406003951,0.2377210979660352,0.4032439788182576,-0.0032409686447026293,0.1213138426343599,0.5967560385664303,-0.058522596955299294,0.43733943998813607,0.1355222631245851,0.47784232906997187,0.5596005103240411,0.7198853312681117,0.735053863376379,0.8044700957834721,61.47,0
2024-12-26,61.87,62.07,61.54,61.61,13223304,0.1507383675004044,0.3985303342342376,0.4507312948505084,0.0,-0.24779196673383322,0.549268701734642,0.1213138426343599,0.5967560385664303,-0.22204387187957758,0.6177581350008645,0.36479033809155237,0.7635596217587589,0.13822052441537389,0.5386298615485429,61.54,0
2024-12-27,61.87,62.21,61.67,61.67,8204505,0.4152630269527435,0.2146238226443528,0.3701131343841553,0.000973393976922082,0.20063920430839066,0.6298868495970963,-0.24779196673383322,0.549268701734642,0.09578464118142924,0.5188142117112874,-0.03533473610877999,0.4640205204486846,-0.040426065524419186,0.6609682341416676,62.14,1
2024-12-30,61.67,61.87,61.54,61.54,6831140,0.1845010258257388,0.4524405226111412,0.3630584478378296,-0.0021102191095057287,-0.2679394967854024,0.63694154843688,0.20063920430839066,0.6298868495970963,-0.05120113988717406,0.5919787933429081,0.3775678165256978,0.5495073311030864,0.298108090274036,0.7229153739288448,61.74,1
2024-12-31,61.67,61.81,61.0,61.0,7125867,0.1225260347127914,0.5030263364315033,0.374447651207447,-0.008813505720584484,-0.3805003017187119,0.6255523711442947,-0.2679394967854024,0.63694154843688,-0.058522596955299294,0.43733943998813607,-0.4312381888739766,0.6574545730836688,0.5929153704394898,0.7762874917437632,61.47,1
2025-01-02,61.27,61.87,61.2,61.47,4894104,0.3531678418318431,0.2310239722331364,0.4158081610997517,0.007675386745606779,0.12214386959870668,0.5841918140649794,-0.3805003017187119,0.6255523711442947,0.1213138426343599,0.5967560385664303,0.1355222631245851,0.47784232906997187,0.09473857035239533,0.47016853342453635,61.47,0
2025-01-03,61.47,61.81,61.47,61.54,7015200,0.5431815057992935,0.1184232514351606,0.3383952170610428,0.0011381189749776995,0.4247582543641329,0.6616047572344541,0.12214386959870668,0.5841918140649794,-0.24779196673383322,0.549268701734642,-0.22204387187957758,0.6177581350008645,0.02926714718341822,0.6404119879007337,61.34,0
2025-01-06,61.54,62.48,61.47,62.14,1938268,0.3211853802204132,0.0713309198617935,0.6074836850166321,0.009702534071005513,0.2498544603586197,0.3925163000822067,0.4247582543641329,0.6616047572344541,0.20063920430839066,0.6298868495970963,0.09578464118142924,0.5188142117112874,0.21191242639906702,0.6622307419311254,61.14,0
2025-01-07,62.34,62.34,61.74,61.74,5014264,0.2773411944508552,0.2647249326109886,0.4579338654875755,-0.006457884890888113,0.012616261839866583,0.5420661270618439,0.2498544603586197,0.3925163000822067,-0.2679394967854024,0.63694154843688,-0.05120113988717406,0.5919787933429081,0.3476010439917446,0.6902972183500726,61.87,1
2025-01-09,61.54,61.67,61.34,61.47,2956192,0.1079467581585049,0.7030599862337112,0.1889932546764612,-0.004382768155095198,-0.5951132280752064,0.8110067443922161,0.012616261839866583,0.5420661270618439,-0.3805003017187119,0.6255523711442947,-0.058522596955299294,0.43733943998813607,-0.2945708533128104,0.5985262046257653,61.34,0
2025-01-13,61.07,61.47,60.94,61.47,2816208,0.2790760820110638,0.247065948943297,0.4738579789797465,0.0,0.032010133067766816,0.5261420309543609,-0.5951132280752064,0.8110067443922161,0.12214386959870668,0.5841918140649794,0.1213138426343599,0.5967560385664303,0.5596005103240411,0.7198853312681117,61.0,0
2025-01-14,61.47,61.47,61.0,61.34,678628,0.1859573423862457,0.2426454573869705,0.5713971853256226,-0.0021170922328125562,-0.05668811500072479,0.4286027997732162,0.032010133067766816,0.5261420309543609,0.4247582543641329,0.6616047572344541,-0.24779196673383322,0.549268701734642,0.36479033809155237,0.7635596217587589,61.87,1
2025-01-15,61.47,61.47,61.14,61.14,446062,0.141105517745018,0.2437079548835754,0.6151865720748901,-0.0032658422234171118,-0.1026024371385574,0.38481347262859344,-0.05668811500072479,0.4286027997732162,0.2498544603586197,0.3925163000822067,0.20063920430839066,0.6298868495970963,-0.03533473610877999,0.4640205204486846,61.27,1
2025-01-17,62.01,62.21,61.67,61.87,5621630,0.2971871912479401,0.2508590444922446,0.4519537538290024,0.011869093080209002,0.046328146755695465,0.5480462357401847,-0.1026024371385574,0.38481347262859344,0.012616261839866583,0.5420661270618439,-0.2679394967854024,0.63694154843688,0.3775678165256978,0.5495073311030864,61.54,0
2025-01-20,61.74,61.87,61.27,61.34,14108400,0.2804020186886191,0.3389821657910942,0.3806157950311899,-0.008603250856791816,-0.05858014710247511,0.6193841844797132,0.046328146755695465,0.5480462357401847,-0.5951132280752064,0.8110067443922161,-0.3805003017187119,0.6255523711442947,-0.4312381888739766,0.6574545730836688,61.94,1
2025-01-22,61.54,61.54,61.0,61.0,2939157,0.1599577826758225,0.4661579926808675,0.3738841911156972,-0.0055582945127942785,-0.306200210005045,0.6261157753566899,-0.05858014710247511,0.6193841844797132,0.032010133067766816,0.5261420309543609,0.12214386959870668,0.5841918140649794,0.1355222631245851,0.47784232906997187,62.14,1
2025-01-23,61.07,62.14,61.07,61.87,6745832,0.7845390141010284,0.0550526289734989,0.1604083199054002,0.014161545369586049,0.7294863851275295,0.8395916430745274,-0.306200210005045,0.6261157753566899,-0.05668811500072479,0.4286027997732162,0.4247582543641329,0.6616047572344541,-0.22204387187957758,0.6177581350008645,62.21,1
2025-02-03,61.74,61.81,61.27,61.27,2873932,0.5143302381038666,0.1752807609736919,0.31038898229599,-0.009745082805334156,0.33904947713017464,0.6896109990775585,0.7294863851275295,0.8395916430745274,-0.1026024371385574,0.38481347262859344,0.2498544603586197,0.3925163000822067,0.09578464118142924,0.5188142117112874,61.67,1
2025-02-04,61.61,61.67,61.34,61.54,2567826,0.7247691253821055,0.1328833432247241,0.142347569266955,0.0043970431563325925,0.5918857821573814,0.8576524686068295,0.33904947713017464,0.6896109990775585,0.046328146755695465,0.5480462357401847,0.012616261839866583,0.5420661270618439,-0.05120113988717406,0.5919787933429081,61.47,0
2025-02-05,61.54,62.07,61.54,61.94,1346904,0.4115729033946991,0.1365622580051422,0.4518648087978363,0.006478804651160924,0.2750106453895569,0.5481351613998413,0.5918857821573814,0.8576524686068295,-0.05858014710247511,0.6193841844797132,-0.5951132280752064,0.8110067443922161,-0.058522596955299294,0.43733943998813607,61.2,0
2025-02-06,62.07,62.48,62.01,62.14,5411696,0.4868698306381702,0.1197366793639957,0.3933935202658176,0.003223729419844672,0.3671331512741745,0.6066065100021659,0.2750106453895569,0.5481351613998413,-0.306200210005045,0.6261157753566899,0.032010133067766816,0.5261420309543609,0.1213138426343599,0.5967560385664303,61.27,0
2025-02-07,62.14,62.34,61.87,62.21,11312605,0.2709224224090576,0.2933109998703002,0.4357665836811065,0.0011258545620270353,-0.022388577461242565,0.5642334222793578,0.3671331512741745,0.6066065100021659,0.7294863851275295,0.8395916430745274,-0.05668811500072479,0.4286027997732162,-0.24779196673383322,0.549268701734642,61.27,0
2025-02-10,62.14,62.14,61.47,61.67,2299299,0.2951099574565887,0.3028042018413543,0.4020858705043793,-0.008718169523526897,-0.007694244384765625,0.597914159297943,-0.022388577461242565,0.5642334222793578,0.33904947713017464,0.6896109990775585,-0.1026024371385574,0.38481347262859344,0.20063920430839066,0.6298868495970963,61.27,0
2025-02-11,61.67,61.74,61.34,61.47,2081208,0.2426036894321441,0.2941294312477112,0.4632668644189834,-0.0032483380844834466,-0.05152574181556707,0.5367331206798553,-0.007694244384765625,0.597914159297943,0.5918857821573814,0.8576524686068295,0.046328146755695465,0.5480462357401847,-0.2679394967854024,0.63694154843688,61.27,0
2025-02-12,61.47,61.87,61.2,61.2,2115376,0.1532988678663969,0.4786700755357742,0.3680310845375061,-0.004402061400637653,-0.32537120766937727,0.6319689434021711,-0.05152574181556707,0.5367331206798553,0.2750106453895569,0.5481351613998413,-0.05858014710247511,0.6193841844797132,-0.3805003017187119,0.6255523711442947,61.34,1
2025-02-13,61.47,61.47,61.14,61.27,863094,0.32241952419281,0.2637076675891876,0.4138728380203247,0.001143137219282796,0.05871185660362238,0.5861271917819977,-0.32537120766937727,0.6319689434021711,0.3671331512741745,0.6066065100021659,-0.306200210005045,0.6261157753566899,0.12214386959870668,0.5841918140649794,61.34,1
2025-02-14,61.67,61.67,61.2,61.27,948437,0.2751124501228332,0.4235968887805938,0.3012906610965729,0.0,-0.14848443865776062,0.698709338903427,0.05871185660362238,0.5861271917819977,-0.022388577461242565,0.5642334222793578,0.7294863851275295,0.8395916430745274,0.4247582543641329,0.6616047572344541,62.27,1
2025-02-17,61.2,61.54,61.2,61.27,788528,0.4398654401302337,0.2964502274990082,0.263684332370758,0.0,0.14341521263122553,0.7363156676292419,-0.14848443865776062,0.698709338903427,-0.007694244384765625,0.597914159297943,0.33904947713017464,0.6896109990775585,0.2498544603586197,0.3925163000822067,62.54,1
2025-02-18,61.27,61.54,61.14,61.27,1067903,0.3135741949081421,0.2241782695055008,0.4622475206851959,0.0,0.0893959254026413,0.5377524644136429,0.14341521263122553,0.7363156676292419,-0.05152574181556707,0.5367331206798553,0.5918857821573814,0.8576524686068295,0.012616261839866583,0.5420661270618439,61.94,1
2025-02-19,61.27,61.34,61.07,61.34,1510842,0.281882643699646,0.3952719271183014,0.322845458984375,0.0011418319485423081,-0.1133892834186554,0.6771545708179474,0.0893959254026413,0.5377524644136429,-0.32537120766937727,0.6319689434021711,0.2750106453895569,0.5481351613998413,-0.5951132280752064,0.8110067443922161,61.74,1
2025-02-20,61.67,61.74,61.34,61.34,8191760,0.3040658444166183,0.289457818120718,0.4064763456583023,0.0,0.0146080262959003,0.5935236625373363,-0.1133892834186554,0.6771545708179474,0.05871185660362238,0.5861271917819977,0.3671331512741745,0.6066065100021659,0.032010133067766816,0.5261420309543609,62.88,1
2025-02-21,61.61,62.27,61.61,62.27,2515484,0.4373848736286163,0.1288500875234604,0.4337650239467621,0.015047610198255058,0.3085347861051559,0.5662349611520767,0.0146080262959003,0.5935236625373363,-0.14848443865776062,0.698709338903427,-0.022388577461242565,0.5642334222793578,-0.05668811500072479,0.4286027997732162,62.41,1
2025-02-24,62.41,62.54,62.01,62.54,1957924,0.7119623422622681,0.0534440167248249,0.2345936596393585,0.0043265831453346395,0.6585183255374432,0.765406358987093,0.3085347861051559,0.5662349611520767,0.14341521263122553,0.7363156676292419,-0.007694244384765625,0.597914159297943,-0.1026024371385574,0.38481347262859344,62.41,0
2025-02-25,62.54,62.61,61.87,61.94,3857902,0.1197241190820932,0.6876304745674133,0.1926454305648803,-0.009640177484638473,-0.5679063554853201,0.8073545936495066,0.6585183255374432,0.765406358987093,0.0893959254026413,0.5377524644136429,-0.05152574181556707,0.5367331206798553,0.046328146755695465,0.5480462357401847,62.21,1
2025-02-26,61.94,62.14,61.67,61.74,771099,0.0840911641716957,0.7531442046165466,0.162764623761177,-0.003234155471043448,-0.6690530404448509,0.8372353687882423,-0.5679063554853201,0.8073545936495066,-0.1133892834186554,0.6771545708179474,-0.32537120766937727,0.6319689434021711,-0.05858014710247511,0.6193841844797132,62.54,1
2025-02-27,63.48,63.81,62.88,62.88,45315225,0.403984366191758,0.2078173681058817,0.3881982796721988,0.018296129046937823,0.1961669980858763,0.6118017342976396,-0.6690530404448509,0.8372353687882423,0.0146080262959003,0.5935236625373363,0.05871185660362238,0.5861271917819977,-0.306200210005045,0.6261157753566899,63.61,1
2025-02-28,63.01,63.01,62.41,62.41,4147754,0.2710592895746231,0.3762685060501098,0.3526721745729446,-0.007502629174999584,-0.1052092164754867,0.647327795624733,0.1961669980858763,0.6118017342976396,0.3085347861051559,0.5662349611520767,-0.14848443865776062,0.698709338903427,0.7294863851275295,0.8395916430745274,64.75,1
2025-03-03,62.54,62.54,62.21,62.41,1252949,0.3089074492454529,0.4525272846221924,0.2385652661323547,0.0,-0.1436198353767395,0.7614347338676453,-0.1052092164754867,0.647327795624733,0.6585183255374432,0.765406358987093,0.14341521263122553,0.7363156676292419,0.33904947713017464,0.6896109990775585,64.75,1
2025-03-05,62.21,62.74,62.21,62.21,9114270,0.2362125843763351,0.3393371716141701,0.4244502127170563,-0.0032097604190230934,-0.10312458723783499,0.5755497559905052,-0.1436198353767395,0.7614347338676453,-0.5679063554853201,0.8073545936495066,0.0893959254026413,0.5377524644136429,0.5918857821573814,0.8576524686068295,66.7,1
2025-03-06,62.54,63.01,62.34,62.54,11797145,0.7444371223449707,0.0296322186477481,0.2259306363761425,0.005290593502766722,0.7148049036972226,0.7740693409927188,-0.10312458723783499,0.5755497559905052,-0.6690530404448509,0.8372353687882423,-0.1133892834186554,0.6771545708179474,0.2750106453895569,0.5481351613998413,65.5,1
2025-03-07,62.61,63.75,62.54,63.61,16014476,0.4937970675528049,0.0937714696628972,0.4124314617365598,0.016964338661017687,0.40002559788990766,0.5875685372157021,0.7148049036972226,0.7740693409927188,0.1961669980858763,0.6118017342976396,0.0146080262959003,0.5935236625373363,0.3671331512741745,0.6066065100021659,67.3,1
2025-03-10,64.48,65.15,64.28,64.75,13303938,0.6973741253217062,0.0313307357331116,0.2712951650222142,0.017763009888934263,0.6660433895885945,0.7287048610548178,0.40002559788990766,0.5875685372157021,-0.1052092164754867,0.647327795624733,0.3085347861051559,0.5662349611520767,-0.022388577461242565,0.5642334222793578,66.5,1
2025-03-11,64.21,64.75,63.95,64.75,7289428,0.5010397732257843,0.2528845574706793,0.2460756227374076,0.0,0.24815521575510502,0.7539243306964636,0.6660433895885945,0.7287048610548178,-0.1436198353767395,0.7614347338676453,0.6585183255374432,0.765406358987093,-0.007694244384765625,0.597914159297943,66.8,1
2025-03-12,66.0,68.6,65.6,66.7,45488946,0.5442159573237101,0.1707688121435542,0.285015235034128,0.029671252341930975,0.37344714518015587,0.7149847694672643,0.24815521575510502,0.7539243306964636,-0.10312458723783499,0.5755497559905052,-0.5679063554853201,0.8073545936495066,-0.05152574181556707,0.5367331206798553,66.0,0
2025-03-13,67.2,67.2,65.2,65.5,18058220,0.156140262261033,0.5507992841303349,0.2930604349821805,-0.018154810280371827,-0.39465902186930185,0.7069395463913679,0.37344714518015587,0.7149847694672643,0.7148049036972226,0.7740693409927188,-0.6690530404448509,0.8372353687882423,-0.32537120766937727,0.6319689434021711,66.5,1
2025-03-17,66.0,67.3,66.0,67.3,19787588,0.2987599149346351,0.2575381696224212,0.4437019303441047,0.0271100940094758,0.0412217453122139,0.5562980845570563,-0.39465902186930185,0.7069395463913679,0.40002559788990766,0.5875685372157021,0.1961669980858763,0.6118017342976396,0.05871185660362238,0.5861271917819977,66.2,0
2025-03-19,67.2,67.2,66.5,66.5,11039697,0.5089714924494425,0.1017335404952367,0.3892949819564819,-0.011958288988873623,0.4072379519542058,0.6107050329446793,0.0412217453122139,0.5562980845570563,0.6660433895885945,0.7287048610548178,-0.1052092164754867,0.647327795624733,-0.14848443865776062,0.698709338903427,64.8,0
2025-03-20,66.5,67.0,66.2,66.8,1693378,0.3641315400600433,0.1073498800396919,0.5285186171531677,0.004501132880791442,0.2567816600203514,0.47148142009973515,0.4072379519542058,0.6107050329446793,0.24815521575510502,0.7539243306964636,-0.1436198353767395,0.7614347338676453,0.14341521263122553,0.7363156676292419,64.0,0
2025-03-21,67.0,67.0,66.0,66.0,6829492,0.1911946032196283,0.4767199140042066,0.3320854902267456,-0.01204833851617448,-0.2855253107845783,0.6679145172238349,0.2567816600203514,0.47148142009973515,0.37344714518015587,0.7149847694672643,-0.10312458723783499,0.5755497559905052,0.0893959254026413,0.5377524644136429,64.5,0
2025-03-24,66.3,66.5,65.5,66.5,11899290,0.4588916276892026,0.1475878309768934,0.3935205570111672,0.007547205635382904,0.31130379671230923,0.606479458666096,-0.2855253107845783,0.6679145172238349,-0.39465902186930185,0.7069395463913679,0.7148049036972226,0.7740693409927188,-0.1133892834186554,0.6771545708179474,64.8,0
2025-03-25,66.5,66.6,66.2,66.2,4056200,0.0691754985600709,0.6283389329910278,0.3024856001138687,-0.004521484718845896,-0.559163434430957,0.6975144315510987,0.31130379671230923,0.606479458666096,0.0412217453122139,0.5562980845570563,0.40002559788990766,0.5875685372157021,0.0146080262959003,0.5935236625373363,60.3,0
2025-03-28,65.5,65.7,64.8,64.8,8253000,0.0752178795635699,0.6340854287147522,0.2906967133283615,-0.021374859584733563,-0.5588675491511823,0.709303308278322,-0.559163434430957,0.6975144315510987,0.4072379519542058,0.6107050329446793,0.6660433895885945,0.7287048610548178,0.3085347861051559,0.5662349611520767,52.5,0
2025-03-31,64.7,65.2,64.0,64.0,3543800,0.1283393464982509,0.544938936829567,0.3267216756939887,-0.012422519998557096,-0.41659959033131605,0.6732782833278179,-0.5588675491511823,0.709303308278322,0.2567816600203514,0.47148142009973515,0.24815521575510502,0.7539243306964636,0.6585183255374432,0.765406358987093,56.1,0
2025-04-01,64.7,65.3,64.0,64.5,6860800,0.3665332049131393,0.1407433254644274,0.4927234426140785,0.007782140442054949,0.2257898794487119,0.5072765303775667,-0.41659959033131605,0.6732782833278179,-0.2855253107845783,0.6679145172238349,0.37344714518015587,0.7149847694672643,-0.5679063554853201,0.8073545936495066,59.8,0
2025-04-02,65.0,66.0,64.6,64.8,11653500,0.416141427308321,0.2510631337761878,0.3327954322099685,0.00464037955650208,0.1650782935321332,0.6672045610845088,0.2257898794487119,0.5072765303775667,0.31130379671230923,0.606479458666096,-0.39465902186930185,0.7069395463913679,-0.6690530404448509,0.8372353687882423,59.3,0
2025-04-03,64.0,64.4,60.3,60.3,9806100,0.2409840375185012,0.2904983162879944,0.4685176610946655,-0.07197349962508923,-0.049514278769493186,0.5314823538064956,0.1650782935321332,0.6672045610845088,-0.559163434430957,0.6975144315510987,0.0412217453122139,0.5562980845570563,0.1961669980858763,0.6118017342976396,60.0,0
2025-04-09,52.0,59.7,52.0,52.5,8995800,0.2598788738250732,0.2906650900840759,0.4494559466838836,-0.13851893413556166,-0.03078621625900274,0.5505439639091492,-0.049514278769493186,0.5314823538064956,-0.5588675491511823,0.709303308278322,0.4072379519542058,0.6107050329446793,-0.1052092164754867,0.647327795624733,58.1,1
2025-04-10,56.1,56.1,56.1,56.1,697600,0.8256229311227798,0.0444319008383899,0.1299451794475316,0.06632264293107251,0.78119103028439,0.8700548319611697,-0.03078621625900274,0.5505439639091492,-0.41659959033131605,0.6732782833278179,0.2567816600203514,0.47148142009973515,-0.1436198353767395,0.7614347338676453,58.2,1
2025-04-11,59.8,59.9,58.0,59.8,24178500,0.9003047943115234,0.0166169945150613,0.0830781968931356,0.06386984842793539,0.8836877997964622,0.9169217888265847,0.78119103028439,0.8700548319611697,0.2257898794487119,0.5072765303775667,-0.2855253107845783,0.6679145172238349,-0.10312458723783499,0.5755497559905052,58.5,0
2025-04-14,60.0,60.0,58.7,59.3,10858500,0.228885235885779,0.3436572303374608,0.4274575213591258,-0.008396354952906278,-0.11477199445168182,0.5725424662232398,0.8836877997964622,0.9169217888265847,0.1650782935321332,0.6672045610845088,0.31130379671230923,0.606479458666096,0.7148049036972226,0.7740693409927188,58.0,0
2025-04-15,59.1,60.9,58.3,60.0,39431700,0.3845619197402681,0.2768808909292731,0.3385571879999978,0.011735256218420932,0.107681028810995,0.6614428106695411,-0.11477199445168182,0.5725424662232398,-0.049514278769493186,0.5314823538064956,-0.559163434430957,0.6975144315510987,0.40002559788990766,0.5875685372157021,58.2,0
2025-04-17,59.3,59.3,58.1,58.1,6303600,0.1853284025564789,0.4908264428377151,0.3238451592624187,-0.03217889836423509,-0.30549804028123617,0.676154845394194,0.107681028810995,0.6614428106695411,-0.03078621625900274,0.5505439639091492,-0.5588675491511823,0.709303308278322,0.6660433895885945,0.7287048610548178,57.3,0
2025-04-21,58.5,58.9,58.1,58.2,1290500,0.315891683101654,0.2794770896434784,0.4046311676502228,0.001719690879526679,0.036414593458175604,0.5953687727451324,-0.30549804028123617,0.676154845394194,0.78119103028439,0.8700548319611697,-0.41659959033131605,0.6732782833278179,0.24815521575510502,0.7539243306964636,57.1,0
2025-04-22,58.1,58.8,54.7,58.5,15402800,0.554116029292345,0.1613834998570382,0.284500490874052,0.005141399500418652,0.39273252943530684,0.7154995291493833,0.036414593458175604,0.5953687727451324,0.8836877997964622,0.9169217888265847,0.2257898794487119,0.5072765303775667,0.37344714518015587,0.7149847694672643,57.0,0
2025-04-23,59.4,59.4,58.0,58.0,9643500,0.3762377679347992,0.2737534135580062,0.3500088036060333,-0.008583743691391442,0.10248435437679299,0.6499911814928054,0.39273252943530684,0.7154995291493833,-0.11477199445168182,0.5725424662232398,0.1650782935321332,0.6672045610845088,-0.39465902186930185,0.7069395463913679,57.0,0
2025-04-24,58.2,58.6,58.0,58.2,1861200,0.1845084279775619,0.4268132746219635,0.3886782824993133,0.0034423441909729197,-0.2423048466444016,0.6113217025995255,0.10248435437679299,0.6499911814928054,0.107681028810995,0.6614428106695411,-0.049514278769493186,0.5314823538064956,0.0412217453122139,0.5562980845570563,57.1,0
2025-04-29,57.7,58.5,57.3,57.3,7296600,0.1287284046411513,0.3623401621977488,0.5089314381281534,-0.015584731016698316,-0.2336117575565975,0.4910685668389001,-0.2423048466444016,0.6113217025995255,-0.30549804028123617,0.676154845394194,-0.03078621625900274,0.5505439639091492,0.4072379519542058,0.6107050329446793,56.6,0
2025-05-05,57.5,58.0,57.0,57.1,2101500,0.262279063463211,0.2794294953346252,0.4582914113998413,-0.003496507058729314,-0.017150431871414185,0.5417085587978362,-0.2336117575565975,0.4910685668389001,0.036414593458175604,0.5953687727451324,0.78119103028439,0.8700548319611697,0.2567816600203514,0.47148142009973515,56.6,0
2025-05-06,57.3,58.0,57.0,57.0,5985800,0.3248088955879211,0.3373679667711258,0.3378231227397918,-0.0017528488274143605,-0.012559071183204706,0.6621768623590469,-0.017150431871414185,0.5417085587978362,0.39273252943530684,0.7154995291493833,0.8836877997964622,0.9169217888265847,-0.2855253107845783,0.6679145172238349,56.8,0
2025-05-07,57.1,57.5,57.0,57.0,4830800,0.1998343542218208,0.3616876155138016,0.4384780228137969,0.0,-0.16185326129198077,0.5615219697356224,-0.012559071183204706,0.6621768623590469,0.10248435437679299,0.6499911814928054,-0.11477199445168182,0.5725424662232398,0.31130379671230923,0.606479458666096,58.7,1
2025-05-08,57.4,57.7,56.9,57.1,6044600,0.2005622759461403,0.3027708828449249,0.4966668337583542,0.0017528488274143868,-0.10220860689878464,0.5033331587910652,-0.16185326129198077,0.5615219697356224,-0.2423048466444016,0.6113217025995255,0.107681028810995,0.6614428106695411,-0.559163434430957,0.6975144315510987,57.5,1
2025-05-09,57.3,57.6,56.6,56.6,29137000,0.258264747262001,0.3201049953699112,0.4216302573680878,-0.008795131452827289,-0.06184024810791022,0.5783697426319122,-0.10220860689878464,0.5033331587910652,-0.2336117575565975,0.4910685668389001,-0.30549804028123617,0.676154845394194,-0.5588675491511823,0.709303308278322,57.0,1
2025-05-12,57.0,57.3,56.2,56.6,17977500,0.2045585016409556,0.3366326491038005,0.4588088889916737,0.0,-0.13207414746284488,0.5411911507447561,-0.06184024810791022,0.5783697426319122,-0.017150431871414185,0.5417085587978362,0.036414593458175604,0.5953687727451324,-0.41659959033131605,0.6732782833278179,57.1,1
2025-05-13,57.1,57.3,56.6,56.8,7392600,0.2518343031406402,0.3972580730915069,0.3509076535701751,0.0035273405179684406,-0.1454237699508667,0.6490923762321471,-0.13207414746284488,0.5411911507447561,-0.012559071183204706,0.6621768623590469,0.39273252943530684,0.7154995291493833,0.2257898794487119,0.5072765303775667,57.1,1
2025-05-15,59.3,59.8,58.7,58.7,8070600,0.2470141798257827,0.2788739204406738,0.4741119146347046,0.032903401106945215,-0.03185974061489108,0.5258881002664565,-0.1454237699508667,0.6490923762321471,-0.16185326129198077,0.5615219697356224,0.10248435437679299,0.6499911814928054,0.1650782935321332,0.6672045610845088,56.9,0
2025-05-16,58.8,59.0,57.5,57.5,66918400,0.159145510289818,0.49276103079319,0.3480934575200081,-0.020654779030746025,-0.333615520503372,0.651906541083008,-0.03185974061489108,0.5258881002664565,-0.10220860689878464,0.5033331587910652,-0.2423048466444016,0.6113217025995255,-0.049514278769493186,0.5314823538064956,56.8,0
2025-05-19,57.4,57.6,57.0,57.0,4784400,0.0855700746178627,0.5614630579948425,0.352966845035553,-0.008733679968754553,-0.47589298337697983,0.6470331326127052,-0.333615520503372,0.651906541083008,-0.06184024810791022,0.5783697426319122,-0.2336117575565975,0.4910685668389001,-0.03078621625900274,0.5505439639091492,57.0,0
2025-05-20,57.0,57.4,56.8,57.1,3867000,0.3850114643573761,0.2855072915554046,0.3294812142848968,0.0017528488274143868,0.09950417280197149,0.6705187559127808,-0.47589298337697983,0.6470331326127052,-0.13207414746284488,0.5411911507447561,-0.017150431871414185,0.5417085587978362,0.78119103028439,0.8700548319611697,56.8,0
2025-05-21,57.5,57.9,57.0,57.1,5161800,0.205103650689125,0.4344242513179779,0.3604720830917358,0.0,-0.2293206006288529,0.639527902007103,0.09950417280197149,0.6705187559127808,-0.1454237699508667,0.6490923762321471,-0.012559071183204706,0.6621768623590469,0.8836877997964622,0.9169217888265847,56.8,0
2025-05-22,57.1,57.4,56.9,56.9,3694300,0.1538904011249542,0.5107347369194031,0.3353748023509979,-0.0035087755296793655,-0.35684433579444885,0.6646251380443573,-0.2293206006288529,0.639527902007103,-0.03185974061489108,0.5258881002664565,-0.16185326129198077,0.5615219697356224,-0.11477199445168182,0.5725424662232398,56.8,0
2025-05-23,56.9,57.5,56.7,56.8,3546500,0.2182442843914032,0.1824056059122085,0.5993501543998718,-0.0017590154051795588,0.0358386784791947,0.4006498903036117,-0.35684433579444885,0.6646251380443573,-0.333615520503372,0.651906541083008,-0.10220860689878464,0.5033331587910652,0.107681028810995,0.6614428106695411,56.6,0
2025-05-26,56.9,57.0,56.0,57.0,4728300,0.7585709095001221,0.0176017545163631,0.2238273322582245,0.003514942107444592,0.7409691549837589,0.7761726640164852,0.0358386784791947,0.4006498903036117,-0.47589298337697983,0.6470331326127052,-0.06184024810791022,0.5783697426319122,-0.30549804028123617,0.676154845394194,56.3,0
2025-05-27,56.8,57.2,56.7,56.8,5548900,0.3030453026294708,0.3757706880569458,0.3211840391159057,-0.003514942107444497,-0.07272538542747498,0.6788159906864166,0.7409691549837589,0.7761726640164852,0.09950417280197149,0.6705187559127808,-0.13207414746284488,0.5411911507447561,0.036414593458175604,0.5953687727451324,56.1,0
2025-05-28,57.1,57.6,56.8,56.8,19800800,0.2754411958158016,0.3194154426455498,0.4051433801651001,0.0,-0.043974246829748154,0.5948566384613514,-0.07272538542747498,0.6788159906864166,-0.2293206006288529,0.639527902007103,-0.1454237699508667,0.6490923762321471,0.39273252943530684,0.7154995291493833,55.7,0
2025-06-03,56.7,56.9,56.4,56.8,20184000,0.5482740650574366,0.1464317496865987,0.305294208228588,0.0,0.4018423153708379,0.6947058147440353,-0.043974246829748154,0.5948566384613514,-0.35684433579444885,0.6646251380443573,-0.03185974061489108,0.5258881002664565,0.10248435437679299,0.6499911814928054,56.0,0
2025-06-04,56.9,57.0,56.5,56.6,2690500,0.3075030148029327,0.186991274356842,0.5055057406425476,-0.0035273405179682992,0.12051174044609067,0.49449428915977467,0.4018423153708379,0.6947058147440353,0.0358386784791947,0.4006498903036117,-0.333615520503372,0.651906541083008,-0.2423048466444016,0.6113217025995255,56.2,0
2025-06-05,56.7,56.8,56.3,56.3,16698600,0.3319406931598981,0.29981839718918,0.3682409226894378,-0.00531445006349259,0.032122295970718084,0.6317590903490782,0.12051174044609067,0.49449428915977467,0.7409691549837589,0.7761726640164852,-0.47589298337697983,0.6470331326127052,-0.2336117575565975,0.4910685668389001,56.6,1
2025-06-06,56.3,56.6,56.1,56.1,2531900,0.2327733933925628,0.167625218629837,0.5996013879776001,-0.0035587226169939952,0.0651481747627258,0.4003986120223998,0.032122295970718084,0.6317590903490782,-0.07272538542747498,0.6788159906864166,0.09950417280197149,0.6705187559127808,-0.017150431871414185,0.5417085587978362,57.2,1
2025-06-11,56.2,56.2,55.7,55.7,4591600,0.1898832321166992,0.3367376253008842,0.4733791500329971,-0.007155665595412248,-0.146854393184185,0.5266208574175834,0.0651481747627258,0.4003986120223998,-0.043974246829748154,0.5948566384613514,-0.2293206006288529,0.639527902007103,-0.012559071183204706,0.6621768623590469,56.7,1
2025-06-12,56.0,56.1,55.7,56.0,2560800,0.256388396024704,0.267681360244751,0.4759302139282226,0.005371543801910849,-0.011292964220046997,0.524069756269455,-0.146854393184185,0.5266208574175834,0.4018423153708379,0.6947058147440353,-0.35684433579444885,0.6646251380443573,-0.16185326129198077,0.5615219697356224,56.6,1
2025-06-13,55.9,57.1,55.6,56.2,5364900,0.6705262064933777,0.0346511863172054,0.294822633266449,0.0035650661644961446,0.6358750201761723,0.7051773928105831,-0.011292964220046997,0.524069756269455,0.12051174044609067,0.49449428915977467,0.0358386784791947,0.4006498903036117,-0.10220860689878464,0.5033331587910652,57.1,1
2025-06-16,56.2,56.7,56.2,56.6,13009800,0.507558693488439,0.1557025409614046,0.3367387497176726,0.007092228309491837,0.3518561525270344,0.6632612344498435,0.6358750201761723,0.7051773928105831,0.032122295970718084,0.6317590903490782,0.7409691549837589,0.7761726640164852,-0.06184024810791022,0.5783697426319122,56.6,0
2025-06-17,56.9,57.5,56.8,57.2,20639200,0.669222392141819,0.0652381153777241,0.2655394794419408,0.01054491317661504,0.6039842767640949,0.7344605075195431,0.3518561525270344,0.6632612344498435,0.0651481747627258,0.4003986120223998,-0.07272538542747498,0.6788159906864166,-0.13207414746284488,0.5411911507447561,56.6,0
2025-06-18,57.2,57.3,56.5,56.7,10263300,0.4147706304987271,0.326351856191953,0.258877545595169,-0.008779687652045837,0.08841877430677408,0.74112248669068,0.6039842767640949,0.7344605075195431,-0.146854393184185,0.5266208574175834,-0.043974246829748154,0.5948566384613514,-0.1454237699508667,0.6490923762321471,56.6,0
2025-06-19,56.7,57.0,56.5,56.6,4737400,0.2790167182683944,0.3042033314704894,0.4167799204587936,-0.0017652255245691922,-0.025186613202094976,0.5832200497388838,0.08841877430677408,0.74112248669068,-0.011292964220046997,0.524069756269455,0.4018423153708379,0.6947058147440353,-0.03185974061489108,0.5258881002664565,56.4,0
2025-06-20,56.7,57.2,56.5,57.1,13773000,0.3037634342908859,0.2216823175549506,0.4745542109012604,0.008795131452827345,0.08208111673593532,0.5254457518458365,-0.025186613202094976,0.5832200497388838,0.6358750201761723,0.7051773928105831,0.12051174044609067,0.49449428915977467,-0.333615520503372,0.651906541083008,56.7,0
2025-06-23,56.7,56.9,56.5,56.6,2480600,0.4639504253864288,0.08811566978693,0.4479338526725769,-0.008795131452827289,0.37583475559949875,0.5520660951733588,0.08208111673593532,0.5254457518458365,0.3518561525270344,0.6632612344498435,0.032122295970718084,0.6317590903490782,-0.47589298337697983,0.6470331326127052,57.0,1
2025-06-24,56.9,57.1,56.6,56.6,7015200,0.3773383200168609,0.240084707736969,0.38257697224617,0.0,0.1372536122798919,0.61742302775383,0.37583475559949875,0.5520660951733588,0.6039842767640949,0.7344605075195431,0.0651481747627258,0.4003986120223998,0.09950417280197149,0.6705187559127808,58.2,1
